{
  "build_py_mtime": 1777055470.3306913,
  "objects": {
    "animation.o": 1777089467.4747102,
    "annexb_demuxer.o": 1766359845.4104712,
    "asset_browser_widget.o": 1775934803.2046123,
    "asset_load_profile.o": 1775264124.555259,
    "asset_loader.o": 1775956629.7721143,
    "buffer_manager.o": 1775450473.50874,
    "camera.o": 1777149466.704839,
    "camera_controller.o": 1777101680.0204287,
    "camera_ui.o": 1775948292.3714268,
    "control_command_service.o": 1777161566.726275,
    "control_command_service_camera.o": 1777161633.774176,
    "control_command_service_motion.o": 1777161662.0923958,
    "control_command_service_physics.o": 1777161762.791446,
    "control_command_service_scene.o": 1777163150.6846387,
    "control_server.o": 1777159663.2533221,
    "conversion.o": 1777100549.0972478,
    "decode.o": 1766299676.3053625,
    "detection.o": 1767044379.4536543,
    "display.o": 1775152725.1966972,
    "display2d.o": 1775873336.546794,
    "display_camera.o": 1775962035.0842245,
    "display_core.o": 1776126010.677288,
    "display_overlay.o": 1777092211.2729158,
    "display_pipeline.o": 1775452468.1170967,
    "display_render.o": 1777083054.390011,
    "display_swapchain.o": 1775844667.6826818,
    "display_window.o": 1776059318.9236748,
    "encode.o": 1775601284.1806276,
    "engine.o": 1775624147.51978,
    "engine2d.o": 1766355461.5486472,
    "engine_ui_asset_browser_widget.o": 1775152725.2006972,
    "engine_ui_main_window_shell.o": 1775152725.2006972,
    "engine_ui_motive_editor_app.o": 1775152725.2006972,
    "engine_ui_motive_editor_main.o": 1775152725.2006972,
    "engine_ui_project_session.o": 1775152725.2006972,
    "engine_ui_viewport_host_widget.o": 1775167236.007455,
    "fbx_import.o": 1775195003.2640643,
    "file_selector_cpp.o": 1775021110.259794,
    "follow_target_tracker.o": 1777090406.320575,
    "fonts.o": 1765745034.3111227,
    "gltf_import.o": 1775190716.2357874,
    "glyph.o": 1763960623.1892238,
    "grading.o": 1775600611.1868033,
    "graphicsdevice.o": 1775193269.2060554,
    "hierarchy.o": 1777067230.6444595,
    "hierarchy_builder.o": 1777146946.4780347,
    "host_widget.o": 1777149475.2088306,
    "input_router.o": 1777099205.615485,
    "inspector.o": 1777149098.6332061,
    "light.o": 1763494752.7210112,
    "light_manager.o": 1775450054.6369982,
    "main.o": 1775264124.5466335,
    "main_window_shell.o": 1775370018.537415,
    "main_window_shell_camera.o": 1775275392.9478295,
    "main_window_shell_conversion.o": 1775264214.6557043,
    "main_window_shell_hierarchy.o": 1775269509.445464,
    "main_window_shell_inspector.o": 1775369439.5142827,
    "main_window_shell_project.o": 1775266105.3179922,
    "main_window_shell_serialization.o": 1775369466.2081037,
    "mini_decode_pipeline.o": 1766365945.4128718,
    "mini_decoder.o": 1766345486.3191664,
    "mini_decoder_session.o": 1766345812.8941321,
    "mini_encode_pipeline.o": 1766379981.7315245,
    "mini_encoder.o": 1766360723.3387175,
    "mini_encoder_session.o": 1766375731.7810175,
    "model.o": 1775956272.4881966,
    "model_import_shared.o": 1775190716.2360644,
    "model_runtime.o": 1777089844.467975,
    "motive2d.o": 1767072402.9711645,
    "motive2d_yolo.o": 1767044083.4657543,
    "motive3d.o": 1775624091.8148477,
    "motive_editor_app.o": 1777150716.3441093,
    "motive_editor_main.o": 1775264124.5466335,
    "orbit_camera_rig.o": 1775929788.4347773,
    "orbit_follow_rig.o": 1777099215.521485,
    "overlay.o": 1775600610.1685367,
    "overlay_yolo.o": 1767043481.4150856,
    "parallel_asset_loader.o": 1775600453.6680386,
    "parallel_asset_loader_v2.o": 1775453739.288675,
    "physics_bullet.o": 1775368793.172856,
    "physics_factory.o": 1775367483.1272316,
    "physics_interface.o": 1775600486.3056345,
    "physics_jolt.o": 1775621044.1419134,
    "physics_world.o": 1775360956.8915946,
    "primitive.o": 1775188089.7874305,
    "profile_data_service.o": 1777149919.6603231,
    "project.o": 1775967176.2920136,
    "project_session.o": 1775934849.7696266,
    "scene_controller.o": 1777101646.1774945,
    "serialization.o": 1777101687.3903873,
    "shell.o": 1777149102.8362045,
    "swapchain_manager.o": 1776184583.7994354,
    "test_engine2d.o": 1766355537.6328084,
    "test_font.o": 1765091396.7980196,
    "test_vulkan_conflict.o": 1766516445.843866,
    "test_yolo_integration.o": 1766462514.4149811,
    "text_rendering.o": 1775600602.8905184,
    "texture.o": 1775194555.973648,
    "transform_undo_command.o": 1775273212.386911,
    "utils.o": 1763497864.8880715,
    "video.o": 1775600967.5936897,
    "video_frame_utils.o": 1775601020.497162,
    "viewport_asset_loader.o": 1775529340.3701456,
    "viewport_camera_controller.o": 1775192632.3713124,
    "viewport_hierarchy_builder.o": 1775269877.4275277,
    "viewport_host_widget.o": 1775534678.2646258,
    "viewport_runtime.o": 1776126549.8704503,
    "viewport_scene_controller.o": 1775535142.7407117,
    "vma_allocator.o": 1775450544.6160862,
    "vulkan_video_decoder.o": 1775600202.6014094,
    "vulkan_video_encoder.o": 1775600358.05658,
    "vv_engine_device_context.o": 1766334944.8022149
  },
  "shaders": {
    "flat2d.frag": 1765085669.8330696,
    "flat2d.vert": 1765085655.9060893,
    "mainforward.frag": 1775184161.394743,
    "mainforward.vert": 1775182280.5388238,
    "mainforward_skinned.vert": 1775187836.2725692,
    "overlay_pose.comp": 1766479548.9229958,
    "overlay_rect.comp": 1766460088.3243246,
    "overlay_rect_yolo.comp": 1766479281.5143213,
    "rgba_to_nv12.comp": 1766285076.9261918,
    "scrubber.comp": 1764737942.6866584,
    "video_blit.comp": 1766284779.4536893
  }
}