{
  "build_py_mtime": 1766035098.592735,
  "objects": {
    "camera.o": 1764219542.5226288,
    "display.o": 1765745034.3806431,
    "display2d.o": 1766122997.304557,
    "engine.o": 1765085622.4231365,
    "fonts.o": 1765745034.3111227,
    "glyph.o": 1763960623.1892238,
    "grading.o": 1766119787.8029246,
    "graphicsdevice.o": 1765079665.7332366,
    "light.o": 1763494752.7210112,
    "model.o": 1765078745.6581187,
    "motive2d.o": 1766124477.2585874,
    "motive3d.o": 1766038916.7313766,
    "overlay.o": 1766012463.5273492,
    "test_font.o": 1765091396.7980196,
    "texture.o": 1764133012.4092038,
    "utils.o": 1763497864.8880715,
    "video.o": 1766041175.8105032,
    "video_frame_utils.o": 1766014058.0102844
  },
  "shaders": {
    "overlay_rect.comp": 1765744134.5196152,
    "video_blit.comp": 1766123010.477551
  }
}