{
  "build_py_mtime": 1775093108.0162728,
  "objects": {
    "annexb_demuxer.o": 1766359845.4104712,
    "camera.o": 1764219542.5226288,
    "decode.o": 1766299676.3053625,
    "detection.o": 1767044379.4536543,
    "display.o": 1775095448.7484956,
    "display2d.o": 1766284778.940281,
    "encode.o": 1766377218.4447608,
    "engine.o": 1775095448.7474957,
    "engine2d.o": 1766355461.5486472,
    "engine_ui_asset_browser_widget.o": 1775095448.7484956,
    "engine_ui_main_window_shell.o": 1775095925.9084854,
    "engine_ui_motive_editor_app.o": 1775092915.5235755,
    "engine_ui_motive_editor_main.o": 1775092915.5235755,
    "engine_ui_project_session.o": 1775093064.5124333,
    "engine_ui_viewport_host_widget.o": 1775095942.897531,
    "file_selector_cpp.o": 1775021110.259794,
    "fonts.o": 1765745034.3111227,
    "glyph.o": 1763960623.1892238,
    "grading.o": 1766458448.051848,
    "graphicsdevice.o": 1766294531.6907523,
    "light.o": 1763494752.7210112,
    "mini_decode_pipeline.o": 1766365945.4128718,
    "mini_decoder.o": 1766345486.3191664,
    "mini_decoder_session.o": 1766345812.8941321,
    "mini_encode_pipeline.o": 1766379981.7315245,
    "mini_encoder.o": 1766360723.3387175,
    "mini_encoder_session.o": 1766375731.7810175,
    "model.o": 1765078745.6581187,
    "motive2d.o": 1767072402.9711645,
    "motive2d_yolo.o": 1767044083.4657543,
    "motive3d.o": 1766038916.7313766,
    "overlay.o": 1766459005.9551754,
    "overlay_yolo.o": 1767043481.4150856,
    "test_engine2d.o": 1766355537.6328084,
    "test_font.o": 1765091396.7980196,
    "test_vulkan_conflict.o": 1766516445.843866,
    "test_yolo_integration.o": 1766462514.4149811,
    "texture.o": 1764133012.4092038,
    "utils.o": 1763497864.8880715,
    "video.o": 1766336821.2186928,
    "video_frame_utils.o": 1766014058.0102844,
    "vv_engine_device_context.o": 1766334944.8022149
  },
  "shaders": {
    "flat2d.frag": 1765085669.8330696,
    "flat2d.vert": 1765085655.9060893,
    "mainforward.frag": 1764191411.9989252,
    "mainforward.vert": 1764197410.7376904,
    "overlay_pose.comp": 1766479548.9229958,
    "overlay_rect.comp": 1766460088.3243246,
    "overlay_rect_yolo.comp": 1766479281.5143213,
    "rgba_to_nv12.comp": 1766285076.9261918,
    "scrubber.comp": 1764737942.6866584,
    "video_blit.comp": 1766284779.4536893
  }
}