{
  "build_py_mtime": 1766286281.8864584,
  "objects": {
    "camera.o": 1764219542.5226288,
    "decode.o": 1766287541.0720944,
    "display.o": 1765745034.3806431,
    "display2d.o": 1766284778.940281,
    "encode.o": 1766285206.522966,
    "engine.o": 1766291156.2438478,
    "fonts.o": 1765745034.3111227,
    "glyph.o": 1763960623.1892238,
    "grading.o": 1766119787.8029246,
    "graphicsdevice.o": 1766293250.8820438,
    "light.o": 1763494752.7210112,
    "model.o": 1765078745.6581187,
    "motive2d.o": 1766284779.453546,
    "motive3d.o": 1766038916.7313766,
    "overlay.o": 1766012463.5273492,
    "test_font.o": 1765091396.7980196,
    "texture.o": 1764133012.4092038,
    "utils.o": 1763497864.8880715,
    "video.o": 1766289141.3988712,
    "video_frame_utils.o": 1766014058.0102844
  },
  "shaders": {
    "flat2d.frag": 1765085669.8330696,
    "flat2d.vert": 1765085655.9060893,
    "mainforward.frag": 1764191411.9989252,
    "mainforward.vert": 1764197410.7376904,
    "overlay_rect.comp": 1765744134.5196152,
    "rgba_to_nv12.comp": 1766285076.9261918,
    "scrubber.comp": 1764737942.6866584,
    "video_blit.comp": 1766284779.4536893
  }
}