{
  "build_py_mtime": 1765766104.4522033,
  "objects": {
    "camera.o": 1764219542.5226288,
    "display.o": 1765745034.3806431,
    "display2d.o": 1765748224.97642,
    "engine.o": 1765085622.4231365,
    "fonts.o": 1765745034.3111227,
    "glyph.o": 1763960623.1892238,
    "graphicsdevice.o": 1765079665.7332366,
    "light.o": 1763494752.7210112,
    "model.o": 1765078745.6581187,
    "motive2d.o": 1765752876.4552417,
    "motive3d.o": 1764221182.9677663,
    "test_font.o": 1765091396.7980196,
    "texture.o": 1764133012.4092038,
    "utils.o": 1763497864.8880715,
    "video.o": 1765235601.238605,
    "video_frame_utils.o": 1764142964.2923067
  },
  "shaders": {
    "overlay_rect.comp": 1765744134.5196152
  }
}