{
  "build_py_mtime": 1775163761.5423017,
  "objects": {
    "annexb_demuxer.o": 1775152725.1946971,
    "camera.o": 1775152725.195697,
    "decode.o": 1775152725.195697,
    "detection.o": 1767044379.4536543,
    "display.o": 1775152725.1966972,
    "display2d.o": 1775152725.1966972,
    "encode.o": 1775152725.1996973,
    "engine.o": 1775152725.1996973,
    "engine2d.o": 1775152725.2006972,
    "engine_ui_asset_browser_widget.o": 1775152725.2006972,
    "engine_ui_main_window_shell.o": 1775152725.2006972,
    "engine_ui_motive_editor_app.o": 1775152725.2006972,
    "engine_ui_motive_editor_main.o": 1775152725.2006972,
    "engine_ui_project_session.o": 1775152725.2006972,
    "engine_ui_viewport_host_widget.o": 1775167236.007455,
    "file_selector_cpp.o": 1775152725.2016973,
    "fonts.o": 1775152725.2016973,
    "glyph.o": 1775152725.2016973,
    "grading.o": 1775152725.2016973,
    "graphicsdevice.o": 1775164069.3754675,
    "light.o": 1775152725.2036972,
    "mini_decode_pipeline.o": 1775152725.2036972,
    "mini_decoder.o": 1775152725.2046974,
    "mini_decoder_session.o": 1775152725.2046974,
    "mini_encode_pipeline.o": 1775152725.2046974,
    "mini_encoder.o": 1775152725.2046974,
    "mini_encoder_session.o": 1775152725.2046974,
    "model.o": 1775152725.2046974,
    "motive2d.o": 1775152725.2056973,
    "motive2d_yolo.o": 1767044083.4657543,
    "motive3d.o": 1775152725.2056973,
    "overlay.o": 1775152725.2056973,
    "overlay_yolo.o": 1767043481.4150856,
    "test_engine2d.o": 1766355537.6328084,
    "test_font.o": 1765091396.7980196,
    "test_vulkan_conflict.o": 1766516445.843866,
    "test_yolo_integration.o": 1766462514.4149811,
    "texture.o": 1775152725.2076974,
    "utils.o": 1775152725.2106974,
    "video.o": 1775163475.8245401,
    "video_frame_utils.o": 1775152725.2116973,
    "vv_engine_device_context.o": 1775152725.2116973
  },
  "shaders": {
    "flat2d.frag": 1765085669.8330696,
    "flat2d.vert": 1765085655.9060893,
    "mainforward.frag": 1764191411.9989252,
    "mainforward.vert": 1764197410.7376904,
    "overlay_pose.comp": 1766479548.9229958,
    "overlay_rect.comp": 1766460088.3243246,
    "overlay_rect_yolo.comp": 1766479281.5143213,
    "rgba_to_nv12.comp": 1766285076.9261918,
    "scrubber.comp": 1764737942.6866584,
    "video_blit.comp": 1766284779.4536893
  }
}